{
    "0": {
        "RDDIds": [
            5,
            4,
            3,
            1,
            2,
            0
        ],
        "cachedRDDs": [
            3,
            2
        ],
        "duration": 1672793,
        "genstage": false,
        "nominalrate": 75966.94526277726,
        "parentsIds": [],
        "recordsread": 200000000,
        "inputrecord": 100000000,
        "shufflerecordsread": 0.0,
        "skipped": false,
        "totalduration": 7944717,
        "weight": 6.374686228361788
    },
    "1": {
        "RDDIds": [
            7,
            4,
            3,
            1,
            2,
            5,
            0
        ],
        "cachedRDDs": [
            3,
            2
        ],
        "duration": 13278,
        "genstage": false,
        "nominalrate": 14765596.160944998,
        "parentsIds": [
            0
        ],
        "recordsread": 200000000,
        "shufflerecordsread": 0.0,
        "skipped": false,
        "weight": 239.6772857358036
    },
    "2": {
        "RDDIds": [
            9,
            4,
            3,
            6,
            1,
            8,
            2,
            5,
            0
        ],
        "cachedRDDs": [
            9,
            3,
            2
        ],
        "duration": 98935,
        "genstage": false,
        "nominalrate": 3949603.0648919786,
        "parentsIds": [
            0,
            1
        ],
        "recordsread": 400000000,
        "shufflerecordsread": 0.0,
        "skipped": false,
        "weight": 34.63009046343559
    },
    "3": {
        "RDDIds": [
            11,
            4,
            10,
            3,
            6,
            1,
            8,
            2,
            5,
            0,
            9
        ],
        "cachedRDDs": [
            3,
            2,
            9
        ],
        "duration": 47370,
        "genstage": false,
        "nominalrate": 20648358.45550279,
        "parentsIds": [
            0,
            1,
            2
        ],
        "recordsread": 300000000,
        "shufflerecordsread": 0.0,
        "skipped": false,
        "weight": 65.51700443318556
    },
    "4": {
        "RDDIds": [
            13,
            4,
            3,
            6,
            12,
            1,
            8,
            2,
            5,
            0,
            9
        ],
        "cachedRDDs": [
            13,
            3,
            2,
            9
        ],
        "duration": 162423,
        "genstage": false,
        "nominalrate": 4974876.871797423,
        "parentsIds": [
            0,
            1,
            2
        ],
        "recordsread": 300000000,
        "shufflerecordsread": 0.0,
        "skipped": false,
        "weight": 21.316119022552225
    },
    "5": {
        "RDDIds": [
            15,
            4,
            14,
            13,
            3,
            6,
            12,
            1,
            8,
            2,
            5,
            0,
            9
        ],
        "cachedRDDs": [
            13,
            3,
            2
        ],
        "duration": 40579,
        "genstage": false,
        "nominalrate": 18134715.025906734,
        "parentsIds": [
            0,
            1,
            4
        ],
        "recordsread": 300000000,
        "shufflerecordsread": 0.0,
        "skipped": false,
        "weight": 73.81277261637793
    },
    "6": {
        "RDDIds": [
            17,
            16,
            4,
            13,
            3,
            6,
            12,
            1,
            8,
            2,
            5,
            0,
            9
        ],
        "cachedRDDs": [
            17,
            13,
            3,
            2
        ],
        "duration": 203913,
        "genstage": false,
        "nominalrate":  3025143.2621416287,
        "parentsIds": [
            0,
            1,
            4
        ],
        "recordsread": 300000000,
        "shufflerecordsread": 0.0,
        "skipped": false,
        "weight": 16.489853515960238
    },
    "7": {
        "RDDIds": [
            19,
            3,
            12,
            1,
            8,
            0,
            4,
            16,
            17,
            18,
            13,
            6,
            2,
            5,
            9
        ],
        "cachedRDDs": [
            3,
            17,
            2
        ],
        "duration": 40774,
        "genstage": false,
        "nominalrate": 17949178.184056,
        "parentsIds": [
            0,
            0,
            6
        ],
        "recordsread": 300000000,
        "shufflerecordsread": 0.0,
        "skipped": false,
        "weight": 70.464021189974
    },
    "8": {
        "RDDIds": [
            21,
            3,
            12,
            1,
            8,
            20,
            0,
            4,
            16,
            17,
            13,
            6,
            2,
            5,
            9
        ],
        "cachedRDDs": [
            21,
            3,
            17,
            2
        ],
        "duration": 525914,
        "genstage": false,
        "nominalrate": 1263752.3334284157,
        "parentsIds": [
            0,
            0,
            6
        ],
        "recordsread": 300000000,
        "shufflerecordsread": 0.0,
        "skipped": false,
        "weight": 6.88553071414718
    },
    "9": {
        "RDDIds": [
            23,
            3,
            12,
            21,
            1,
            8,
            20,
            0,
            4,
            16,
            17,
            13,
            6,
            2,
            22,
            5,
            9
        ],
        "cachedRDDs": [
            3,
            21,
            2
        ],
        "duration": 42145,
        "genstage": false,
        "nominalrate":  17388712.241653416,
        "parentsIds": [
            0,
            0,
            8
        ],
        "recordsread": 300000000,
        "shufflerecordsread": 0.0,
        "skipped": false,
        "weight": 61.464978051963456
    },
    "10": {
        "RDDIds": [
            25,
            3,
            12,
            21,
            1,
            8,
            20,
            0,
            24,
            4,
            16,
            17,
            13,
            6,
            2,
            5,
            9
        ],
        "cachedRDDs": [
            25,
            3,
            21,
            2
        ],
        "duration": 309310,
        "genstage": false,
        "nominalrate": 1586276.4426617718,
        "parentsIds": [
            0,
            0,
            8
        ],
        "recordsread": 300000000,
        "shufflerecordsread": 0.0,
        "skipped": false,
        "weight": 9.238648928259675
    },
    "11": {
        "RDDIds": [
            27,
            3,
            12,
            21,
            1,
            8,
            20,
            0,
            24,
            4,
            16,
            17,
            25,
            13,
            6,
            26,
            2,
            5,
            9
        ],
        "cachedRDDs": [
            3,
            25,
            2
        ],
        "duration": 39644,
        "genstage": false,
        "nominalrate":  17952400.4924087,
        "parentsIds": [
            0,
            0,
            10
        ],
        "recordsread": 300000000,
        "shufflerecordsread": 0.0,
        "skipped": false,
        "weight": 60.87840530723439
    },
    "12": {
        "RDDIds": [
            28,
            4,
            3,
            1,
            2,
            5,
            0
        ],
        "cachedRDDs": [
            3,
            2
        ],
        "duration": 604672,
        "genstage": false,
        "nominalrate": 566286.6882988182,
        "parentsIds": [
            0,
            1
        ],
        "recordsread": 200000000,